processo_id;numero_novo;numero_antigo;classe_cod;classe_desc;url;Processo;Classe;Vara;Juiz;Data de Autuação;Distribuição;Nº de volumes;Assunto da Petição;Observação;Localização;Processo Originário;Nova Numeração;Juíza;qtd_movimentacoes
9425;31328-25.2010.4.01.3300;-;1116;EXECUÇÃO FISCAL;https://processual.trf1.jus.br/consultaProcessual/processo.php?proc=313282520104013300&secao=BA&nome=CONSELHO REGIONAL DE REPRESENTANTES COMERCIAIS DA BAHIA CORE BA&mostrarBaixados=S;0031328-25.2010.4.01.3300;1116 - Execução Fiscal;19ª VARA SALVADOR;DIRLEY DA CUNHA JÚNIOR;19/08/2010;2 - DISTRIBUICAO AUTOMATICA - 28/09/2010;;6046 - Conselhos Regionais e Afins Anuidade;;2022.EST1.P014 - ARQUIVO PROVISÓRIO;;;;56
9426;24528-44.2011.4.01.3300;-;261;CARTA PRECATÓRIA;https://processual.trf1.jus.br/consultaProcessual/processo.php?proc=245284420114013300&secao=BA&nome=CONSELHO REGIONAL DE REPRESENTANTES COMERCIAIS DA BAHIA CORE BA&mostrarBaixados=S;0024528-44.2011.4.01.3300;261 - Carta Precatória Cível;24ª VARA SALVADOR;IRAN ESMERALDO LEITE;26/07/2011;4 - REDISTRIBUICAO AUTOMATICA - 06/12/2013;;6046 - Conselhos Regionais e Afins Anuidade;;BAIXA - BAIXA;2008.33.02.000215-0;;;11
9427;35268-61.2011.4.01.3300;-;1116;EXECUÇÃO FISCAL;https://processual.trf1.jus.br/consultaProcessual/processo.php?proc=352686120114013300&secao=BA&nome=CONSELHO REGIONAL DE REPRESENTANTES COMERCIAIS DA BAHIA CORE BA&mostrarBaixados=S;0035268-61.2011.4.01.3300;1116 - Execução Fiscal;18ª VARA SALVADOR;PAULO ROBERTO LYRIO PIMENTA;26/09/2011;13 - REDISTRIBUICAO AUTOMATICA: RECEBIDOS DE OUTRA SECAO/SUBSECAO JUDICIARIA - 26/09/2011;;10166 - Conselhos Regionais de Fiscalização Profissional e Afins;LIVRO DE SENTENÇA DESCARTE 191 A 96 FL 74;DESCART191 1603 - DESCARTE 191 ESTANTE 16 LOT03;140996857953;;;48
9428;47755-29.2012.4.01.3300;-;1116;EXECUÇÃO FISCAL;https://processual.trf1.jus.br/consultaProcessual/processo.php?proc=477552920124013300&secao=BA&nome=CONSELHO REGIONAL DE REPRESENTANTES COMERCIAIS DA BAHIA CORE BA&mostrarBaixados=S;0047755-29.2012.4.01.3300;1116 - Execução Fiscal;18ª VARA SALVADOR;PAULO ROBERTO LYRIO PIMENTA;18/12/2012;2 - DISTRIBUICAO AUTOMATICA - 23/01/2013;;6046 - Conselhos Regionais e Afins Anuidade;LIVRO DE SENTENÇA DESCARTE 191 A 168 FL20;DESCART191 2714 - DESCARTE191 ESTANTE27 LT14;;;;25
9429;47756-14.2012.4.01.3300;-;1116;EXECUÇÃO FISCAL;https://processual.trf1.jus.br/consultaProcessual/processo.php?proc=477561420124013300&secao=BA&nome=CONSELHO REGIONAL DE REPRESENTANTES COMERCIAIS DA BAHIA CORE BA&mostrarBaixados=S;0047756-14.2012.4.01.3300;1116 - Execução Fiscal;20ª VARA SALVADOR;LUIZ SALOMÃO AMARAL VIANA;18/12/2012;2 - DISTRIBUICAO AUTOMATICA - 23/01/2013;;6046 - Conselhos Regionais e Afins Anuidade;LIVRO DE SENTENCA DESCARTE 191 A183 FL76;DESCART191 3002 - DESCARTE191 ESTANTE30 LT02;;;;24
9430;47758-81.2012.4.01.3300;-;1116;EXECUÇÃO FISCAL;https://processual.trf1.jus.br/consultaProcessual/processo.php?proc=477588120124013300&secao=BA&nome=CONSELHO REGIONAL DE REPRESENTANTES COMERCIAIS DA BAHIA CORE BA&mostrarBaixados=S;0047758-81.2012.4.01.3300;1116 - Execução Fiscal;18ª VARA SALVADOR;PAULO ROBERTO LYRIO PIMENTA;18/12/2012;2 - DISTRIBUICAO AUTOMATICA - 14/02/2013;;6046 - Conselhos Regionais e Afins Anuidade;LIVRO DE SENTENCA DESCARTE 191 A172 FL39;DESCART191 2805 - DESCARTE191 ESTANTE28 LT05;;;;25
9431;47763-06.2012.4.01.3300;-;1116;EXECUÇÃO FISCAL;https://processual.trf1.jus.br/consultaProcessual/processo.php?proc=477630620124013300&secao=BA&nome=CONSELHO REGIONAL DE REPRESENTANTES COMERCIAIS DA BAHIA CORE BA&mostrarBaixados=S;0047763-06.2012.4.01.3300;1116 - Execução Fiscal;18ª VARA SALVADOR;PAULO ROBERTO LYRIO PIMENTA;10/12/2012;2 - DISTRIBUICAO AUTOMATICA - 11/01/2013;;6046 - Conselhos Regionais e Afins Anuidade;LIVRO DE SENTENCA DESCARTE 191 A 178 FL88;DESCART191 2907 - DESCARTE191 ESTANTE29 LT07;;;;27
9432;47792-56.2012.4.01.3300;-;1116;EXECUÇÃO FISCAL;https://processual.trf1.jus.br/consultaProcessual/processo.php?proc=477925620124013300&secao=BA&nome=CONSELHO REGIONAL DE REPRESENTANTES COMERCIAIS DA BAHIA CORE BA&mostrarBaixados=S;0047792-56.2012.4.01.3300;1116 - Execução Fiscal;19ª VARA SALVADOR;DIRLEY DA CUNHA JÚNIOR;18/12/2012;2 - DISTRIBUICAO AUTOMATICA - 23/01/2013;;6046 - Conselhos Regionais e Afins Anuidade;LIVRO DE SENTENÇA DESCARTE 191 A 94 FL 56;DESCART191 1513 - DESCARTE 191 ESTANTE 15 LOTE13;;;;26
9433;47793-41.2012.4.01.3300;-;1116;EXECUÇÃO FISCAL;https://processual.trf1.jus.br/consultaProcessual/processo.php?proc=477934120124013300&secao=BA&nome=CONSELHO REGIONAL DE REPRESENTANTES COMERCIAIS DA BAHIA CORE BA&mostrarBaixados=S;0047793-41.2012.4.01.3300;1116 - Execução Fiscal;20ª VARA SALVADOR;LUIZ SALOMÃO AMARAL VIANA;18/12/2012;2 - DISTRIBUICAO AUTOMATICA - 23/01/2013;;6046 - Conselhos Regionais e Afins Anuidade;LIVRO DE SENTENCA DESCARTE 195 A02 FL17;DESCART195 12 - DESCARTE195 ESTANTE1 LOTE2;;;;19
9434;47794-26.2012.4.01.3300;-;1116;EXECUÇÃO FISCAL;https://processual.trf1.jus.br/consultaProcessual/processo.php?proc=477942620124013300&secao=BA&nome=CONSELHO REGIONAL DE REPRESENTANTES COMERCIAIS DA BAHIA CORE BA&mostrarBaixados=S;0047794-26.2012.4.01.3300;1116 - Execução Fiscal;18ª VARA SALVADOR;PAULO ROBERTO LYRIO PIMENTA;18/12/2012;2 - DISTRIBUICAO AUTOMATICA - 23/01/2013;;6046 - Conselhos Regionais e Afins Anuidade;LIVRO DE SENTENÇA DESCARTE 191 A 166 FL97;DESCART191 2714 - DESCARTE191 ESTANTE27 LT14;;;;25
9435;47796-93.2012.4.01.3300;-;1116;EXECUÇÃO FISCAL;https://processual.trf1.jus.br/consultaProcessual/processo.php?proc=477969320124013300&secao=BA&nome=CONSELHO REGIONAL DE REPRESENTANTES COMERCIAIS DA BAHIA CORE BA&mostrarBaixados=S;0047796-93.2012.4.01.3300;1116 - Execução Fiscal;19ª VARA SALVADOR;DIRLEY DA CUNHA JÚNIOR;18/12/2012;2 - DISTRIBUICAO AUTOMATICA - 23/01/2013;;6046 - Conselhos Regionais e Afins Anuidade;LIVRO DE SENTENÇA DESCARTE 191 A 94 FL 44;DESCART191 1513 - DESCARTE 191 ESTANTE 15 LOTE13;;;;26
9436;47797-78.2012.4.01.3300;-;1116;EXECUÇÃO FISCAL;https://processual.trf1.jus.br/consultaProcessual/processo.php?proc=477977820124013300&secao=BA&nome=CONSELHO REGIONAL DE REPRESENTANTES COMERCIAIS DA BAHIA CORE BA&mostrarBaixados=S;0047797-78.2012.4.01.3300;1116 - Execução Fiscal;18ª VARA SALVADOR;PAULO ROBERTO LYRIO PIMENTA;18/12/2012;2 - DISTRIBUICAO AUTOMATICA - 23/01/2013;;6046 - Conselhos Regionais e Afins Anuidade;LIVRO DE SENTENÇA DESCARTE 191 A 168 FL22;DESCART191 2714 - DESCARTE191 ESTANTE27 LT14;;;;25
9437;47798-63.2012.4.01.3300;-;1116;EXECUÇÃO FISCAL;https://processual.trf1.jus.br/consultaProcessual/processo.php?proc=477986320124013300&secao=BA&nome=CONSELHO REGIONAL DE REPRESENTANTES COMERCIAIS DA BAHIA CORE BA&mostrarBaixados=S;0047798-63.2012.4.01.3300;1116 - Execução Fiscal;20ª VARA SALVADOR;LUIZ SALOMÃO AMARAL VIANA;18/12/2012;2 - DISTRIBUICAO AUTOMATICA - 23/01/2013;;6046 - Conselhos Regionais e Afins Anuidade;LIVRO DE SENTECA DESCARTE 191 A184 FL86;DESCART191 3006 - DESCARTE191 ESTANTE30 LT06;;;;24
9438;47799-48.2012.4.01.3300;-;1116;EXECUÇÃO FISCAL;https://processual.trf1.jus.br/consultaProcessual/processo.php?proc=477994820124013300&secao=BA&nome=CONSELHO REGIONAL DE REPRESENTANTES COMERCIAIS DA BAHIA CORE BA&mostrarBaixados=S;0047799-48.2012.4.01.3300;1116 - Execução Fiscal;19ª VARA SALVADOR;DIRLEY DA CUNHA JÚNIOR;18/12/2012;2 - DISTRIBUICAO AUTOMATICA - 23/01/2013;;6046 - Conselhos Regionais e Afins Anuidade;LIVRO DE SENTENÇA DESCARTE 191 A105 FL 63;DESCART191 1707 - DESCARTE191 ESTANTE 17 LT07;;;;26
9439;47800-33.2012.4.01.3300;-;1116;EXECUÇÃO FISCAL;https://processual.trf1.jus.br/consultaProcessual/processo.php?proc=478003320124013300&secao=BA&nome=CONSELHO REGIONAL DE REPRESENTANTES COMERCIAIS DA BAHIA CORE BA&mostrarBaixados=S;0047800-33.2012.4.01.3300;1116 - Execução Fiscal;20ª VARA SALVADOR;LUIZ SALOMÃO AMARAL VIANA;18/12/2012;2 - DISTRIBUICAO AUTOMATICA - 23/01/2013;;6046 - Conselhos Regionais e Afins Anuidade;LIVRO DE SENTENCA DESCARTE 191 A183 FL83;DESCART191 3002 - DESCARTE191 ESTANTE30 LT02;;;;24
9440;47801-18.2012.4.01.3300;-;1116;EXECUÇÃO FISCAL;https://processual.trf1.jus.br/consultaProcessual/processo.php?proc=478011820124013300&secao=BA&nome=CONSELHO REGIONAL DE REPRESENTANTES COMERCIAIS DA BAHIA CORE BA&mostrarBaixados=S;0047801-18.2012.4.01.3300;1116 - Execução Fiscal;20ª VARA SALVADOR;LUIZ SALOMÃO AMARAL VIANA;18/12/2012;2 - DISTRIBUICAO AUTOMATICA - 23/01/2013;;6046 - Conselhos Regionais e Afins Anuidade;LIVRO DE SENTENCA DESCARTE 195 A02 FL27;DESCART195 12 - DESCARTE195 ESTANTE1 LOTE2;;;;19
9441;47802-03.2012.4.01.3300;-;1116;EXECUÇÃO FISCAL;https://processual.trf1.jus.br/consultaProcessual/processo.php?proc=478020320124013300&secao=BA&nome=CONSELHO REGIONAL DE REPRESENTANTES COMERCIAIS DA BAHIA CORE BA&mostrarBaixados=S;0047802-03.2012.4.01.3300;1116 - Execução Fiscal;19ª VARA SALVADOR;DIRLEY DA CUNHA JÚNIOR;18/12/2012;2 - DISTRIBUICAO AUTOMATICA - 23/01/2013;;6046 - Conselhos Regionais e Afins Anuidade;LIVRO DE SENTENÇA DESCARTE 191 A 94 FL 41;DESCART191 1513 - DESCARTE 191 ESTANTE 15 LOTE13;;;;26
9442;47814-17.2012.4.01.3300;-;1116;EXECUÇÃO FISCAL;https://processual.trf1.jus.br/consultaProcessual/processo.php?proc=478141720124013300&secao=BA&nome=CONSELHO REGIONAL DE REPRESENTANTES COMERCIAIS DA BAHIA CORE BA&mostrarBaixados=S;0047814-17.2012.4.01.3300;1116 - Execução Fiscal;20ª VARA SALVADOR;LUIZ SALOMÃO AMARAL VIANA;10/12/2012;2 - DISTRIBUICAO AUTOMATICA - 11/01/2013;;6046 - Conselhos Regionais e Afins Anuidade;LIVRO DE SENTENCA DESCARTE 191 A187 FL74;DESCART191 3008 - DESCARTE191 ESTANTE30 LT08;;;;21
9443;47815-02.2012.4.01.3300;-;1116;EXECUÇÃO FISCAL;https://processual.trf1.jus.br/consultaProcessual/processo.php?proc=478150220124013300&secao=BA&nome=CONSELHO REGIONAL DE REPRESENTANTES COMERCIAIS DA BAHIA CORE BA&mostrarBaixados=S;0047815-02.2012.4.01.3300;1116 - Execução Fiscal;19ª VARA SALVADOR;DIRLEY DA CUNHA JÚNIOR;10/12/2012;2 - DISTRIBUICAO AUTOMATICA - 11/01/2013;;6046 - Conselhos Regionais e Afins Anuidade;LIVRO DE SENTENÇA DESCARTE 191 A100 FL 66;DESCART191 1701 - DESCARTE191 ESTANTE 17 LT01;;;;26
9444;47816-84.2012.4.01.3300;-;1116;EXECUÇÃO FISCAL;https://processual.trf1.jus.br/consultaProcessual/processo.php?proc=478168420124013300&secao=BA&nome=CONSELHO REGIONAL DE REPRESENTANTES COMERCIAIS DA BAHIA CORE BA&mostrarBaixados=S;0047816-84.2012.4.01.3300;1116 - Execução Fiscal;19ª VARA SALVADOR;DIRLEY DA CUNHA JÚNIOR;10/12/2012;2 - DISTRIBUICAO AUTOMATICA - 11/01/2013;;6046 - Conselhos Regionais e Afins Anuidade;LIVRO DE SENTENÇA DESCARTE 191 A 94 FL 18;DESCART191 1513 - DESCARTE 191 ESTANTE 15 LOTE13;;;;26
9445;47817-69.2012.4.01.3300;-;1116;EXECUÇÃO FISCAL;https://processual.trf1.jus.br/consultaProcessual/processo.php?proc=478176920124013300&secao=BA&nome=CONSELHO REGIONAL DE REPRESENTANTES COMERCIAIS DA BAHIA CORE BA&mostrarBaixados=S;0047817-69.2012.4.01.3300;1116 - Execução Fiscal;19ª VARA SALVADOR;DIRLEY DA CUNHA JÚNIOR;10/12/2012;2 - DISTRIBUICAO AUTOMATICA - 11/01/2013;;6046 - Conselhos Regionais e Afins Anuidade;LIVRO DE SENTENÇA DESCARTE 191 A105 FL 74;DESCART191 1707 - DESCARTE191 ESTANTE 17 LT07;;;;26
9446;47818-54.2012.4.01.3300;-;1116;EXECUÇÃO FISCAL;https://processual.trf1.jus.br/consultaProcessual/processo.php?proc=478185420124013300&secao=BA&nome=CONSELHO REGIONAL DE REPRESENTANTES COMERCIAIS DA BAHIA CORE BA&mostrarBaixados=S;0047818-54.2012.4.01.3300;1116 - Execução Fiscal;18ª VARA SALVADOR;PAULO ROBERTO LYRIO PIMENTA;10/12/2012;2 - DISTRIBUICAO AUTOMATICA - 11/01/2013;;6046 - Conselhos Regionais e Afins Anuidade;LIVRO DE SENTENÇA DESCARTE 191 A 166 FL55;DESCART191 2714 - DESCARTE191 ESTANTE27 LT14;;;;27
9447;47819-39.2012.4.01.3300;-;1116;EXECUÇÃO FISCAL;https://processual.trf1.jus.br/consultaProcessual/processo.php?proc=478193920124013300&secao=BA&nome=CONSELHO REGIONAL DE REPRESENTANTES COMERCIAIS DA BAHIA CORE BA&mostrarBaixados=S;0047819-39.2012.4.01.3300;1116 - Execução Fiscal;20ª VARA SALVADOR;LUIZ SALOMÃO AMARAL VIANA;10/12/2012;2 - DISTRIBUICAO AUTOMATICA - 11/01/2013;;6046 - Conselhos Regionais e Afins Anuidade;LIVRO DE SENTECA DESCARTE 191 A184 FL55;DESCART191 3003 - DESCARTE191 ESTANTE30 LT03;;;;24
9448;47821-09.2012.4.01.3300;-;1116;EXECUÇÃO FISCAL;https://processual.trf1.jus.br/consultaProcessual/processo.php?proc=478210920124013300&secao=BA&nome=CONSELHO REGIONAL DE REPRESENTANTES COMERCIAIS DA BAHIA CORE BA&mostrarBaixados=S;0047821-09.2012.4.01.3300;1116 - Execução Fiscal;20ª VARA SALVADOR;LUIZ SALOMÃO AMARAL VIANA;10/12/2012;2 - DISTRIBUICAO AUTOMATICA - 11/01/2013;;6046 - Conselhos Regionais e Afins Anuidade;LIVRO DE SENTENCA DESCARTE 195 A02 FL03;DESCART195 12 - DESCARTE195 ESTANTE1 LOTE2;;;;19
9449;48006-47.2012.4.01.3300;-;1116;EXECUÇÃO FISCAL;https://processual.trf1.jus.br/consultaProcessual/processo.php?proc=480064720124013300&secao=BA&nome=CONSELHO REGIONAL DE REPRESENTANTES COMERCIAIS DA BAHIA CORE BA&mostrarBaixados=S;0048006-47.2012.4.01.3300;1116 - Execução Fiscal;19ª VARA SALVADOR;DIRLEY DA CUNHA JÚNIOR;10/12/2012;2 - DISTRIBUICAO AUTOMATICA - 11/01/2013;;6046 - Conselhos Regionais e Afins Anuidade;LIVRO DE SENTENÇA DESCARTE 191 A 94 FL 39;DESCART191 1513 - DESCARTE 191 ESTANTE 15 LOTE13;;;;26
9450;48007-32.2012.4.01.3300;-;1116;EXECUÇÃO FISCAL;https://processual.trf1.jus.br/consultaProcessual/processo.php?proc=480073220124013300&secao=BA&nome=CONSELHO REGIONAL DE REPRESENTANTES COMERCIAIS DA BAHIA CORE BA&mostrarBaixados=S;0048007-32.2012.4.01.3300;1116 - Execução Fiscal;18ª VARA SALVADOR;PAULO ROBERTO LYRIO PIMENTA;10/12/2012;2 - DISTRIBUICAO AUTOMATICA - 11/01/2013;;6046 - Conselhos Regionais e Afins Anuidade;LIVRO DE SENTENCA DESCARTE 191 A 178 FL59;DESCART191 2907 - DESCARTE191 ESTANTE29 LT07;;;;27
9451;48008-17.2012.4.01.3300;-;1116;EXECUÇÃO FISCAL;https://processual.trf1.jus.br/consultaProcessual/processo.php?proc=480081720124013300&secao=BA&nome=CONSELHO REGIONAL DE REPRESENTANTES COMERCIAIS DA BAHIA CORE BA&mostrarBaixados=S;0048008-17.2012.4.01.3300;1116 - Execução Fiscal;19ª VARA SALVADOR;DIRLEY DA CUNHA JÚNIOR;10/12/2012;2 - DISTRIBUICAO AUTOMATICA - 11/01/2013;;6046 - Conselhos Regionais e Afins Anuidade;LIVRO DE SENTENÇA DESCARTE 191 A 94 FL 58;DESCART191 1513 - DESCARTE 191 ESTANTE 15 LOTE13;;;;26
9452;48009-02.2012.4.01.3300;-;1116;EXECUÇÃO FISCAL;https://processual.trf1.jus.br/consultaProcessual/processo.php?proc=480090220124013300&secao=BA&nome=CONSELHO REGIONAL DE REPRESENTANTES COMERCIAIS DA BAHIA CORE BA&mostrarBaixados=S;0048009-02.2012.4.01.3300;1116 - Execução Fiscal;18ª VARA SALVADOR;PAULO ROBERTO LYRIO PIMENTA;10/12/2012;2 - DISTRIBUICAO AUTOMATICA - 11/01/2013;;6046 - Conselhos Regionais e Afins Anuidade;LIVRO DE SENTENCA DESCARTE 191 A 178 FL66;DESCART191 2907 - DESCARTE191 ESTANTE29 LT07;;;;27
9453;48010-84.2012.4.01.3300;-;1116;EXECUÇÃO FISCAL;https://processual.trf1.jus.br/consultaProcessual/processo.php?proc=480108420124013300&secao=BA&nome=CONSELHO REGIONAL DE REPRESENTANTES COMERCIAIS DA BAHIA CORE BA&mostrarBaixados=S;0048010-84.2012.4.01.3300;1116 - Execução Fiscal;18ª VARA SALVADOR;PAULO ROBERTO LYRIO PIMENTA;10/12/2012;2 - DISTRIBUICAO AUTOMATICA - 11/01/2013;;6046 - Conselhos Regionais e Afins Anuidade;LIVRO DE SENTENÇA DESCARTE 191 A 166 FL83;DESCART191 2714 - DESCARTE191 ESTANTE27 LT14;;;;27
9454;48011-69.2012.4.01.3300;-;1116;EXECUÇÃO FISCAL;https://processual.trf1.jus.br/consultaProcessual/processo.php?proc=480116920124013300&secao=BA&nome=CONSELHO REGIONAL DE REPRESENTANTES COMERCIAIS DA BAHIA CORE BA&mostrarBaixados=S;0048011-69.2012.4.01.3300;1116 - Execução Fiscal;20ª VARA SALVADOR;LUIZ SALOMÃO AMARAL VIANA;10/12/2012;2 - DISTRIBUICAO AUTOMATICA - 11/01/2013;;6046 - Conselhos Regionais e Afins Anuidade;LIVRO DE SENTENCA DESCARTE 195 A02 FL26;DESCART195 12 - DESCARTE195 ESTANTE1 LOTE2;;;;19
9455;48333-89.2012.4.01.3300;-;1116;EXECUÇÃO FISCAL;https://processual.trf1.jus.br/consultaProcessual/processo.php?proc=483338920124013300&secao=BA&nome=CONSELHO REGIONAL DE REPRESENTANTES COMERCIAIS DA BAHIA CORE BA&mostrarBaixados=S;0048333-89.2012.4.01.3300;1116 - Execução Fiscal;20ª VARA SALVADOR;LUIZ SALOMÃO AMARAL VIANA;19/12/2012;2 - DISTRIBUICAO AUTOMATICA - 27/02/2013;;6046 - Conselhos Regionais e Afins Anuidade;LIVRO DE SENTENCA DESCARTE 191 A186 FL42;DESCART191 3006 - DESCARTE191 ESTANTE30 LT06;;;;24
9456;4662-61.1985.4.01.3300;-;1116;EXECUÇÃO FISCAL;https://processual.trf1.jus.br/consultaProcessual/processo.php?proc=46626119854013300&secao=BA&nome=CONSELHO REGIONAL DE REPRESENTANTES COMERCIAIS DA BAHIA CORE BA&mostrarBaixados=S;00.00.45799-0;1116 - Execução Fiscal;2ª VARA SALVADOR;FÁBIO MOREIRA RAMIRO;17/04/1985;1 - CADASTRAMENTO DE PROCESSOS ANTIGOS - 17/04/1985;;10015 - Fiscalização;;;;0004662-61.1985.4.01.3300;;2
9457;35661-73.2017.4.01.3300;-;1116;EXECUÇÃO FISCAL;https://processual.trf1.jus.br/consultaProcessual/processo.php?proc=356617320174013300&secao=BA&nome=CONSELHO REGIONAL DE REPRESENTANTES COMERCIAIS DA BAHIA CORE BA&mostrarBaixados=S;0035661-73.2017.4.01.3300;1116 - Execução Fiscal;18ª VARA SALVADOR;PAULO ROBERTO LYRIO PIMENTA;10/10/2017;2 - DISTRIBUICAO AUTOMATICA - 17/10/2017;;6046 - Conselhos Regionais e Afins Anuidade;;;;;;34
9458;35662-58.2017.4.01.3300;-;1116;EXECUÇÃO FISCAL;https://processual.trf1.jus.br/consultaProcessual/processo.php?proc=356625820174013300&secao=BA&nome=CONSELHO REGIONAL DE REPRESENTANTES COMERCIAIS DA BAHIA CORE BA&mostrarBaixados=S;0035662-58.2017.4.01.3300;1116 - Execução Fiscal;18ª VARA SALVADOR;PAULO ROBERTO LYRIO PIMENTA;10/10/2017;2 - DISTRIBUICAO AUTOMATICA - 17/10/2017;;6046 - Conselhos Regionais e Afins Anuidade;;;;;;38
9459;2496-64.2019.4.01.3300;-;1116;EXECUÇÃO FISCAL;https://processual.trf1.jus.br/consultaProcessual/processo.php?proc=24966420194013300&secao=BA&nome=CONSELHO REGIONAL DE REPRESENTANTES COMERCIAIS DA BAHIA CORE BA&mostrarBaixados=S;0002496-64.2019.4.01.3300;1116 - Execução Fiscal;8ª VARA SALVADOR;;06/02/2019;2 - DISTRIBUICAO AUTOMATICA - 07/02/2019;;6046 - Conselhos Regionais e Afins Anuidade;;DESCARTE P40 - DESCARTE P40;;;NILZA REIS;20
9460;2497-49.2019.4.01.3300;-;1116;EXECUÇÃO FISCAL;https://processual.trf1.jus.br/consultaProcessual/processo.php?proc=24974920194013300&secao=BA&nome=CONSELHO REGIONAL DE REPRESENTANTES COMERCIAIS DA BAHIA CORE BA&mostrarBaixados=S;0002497-49.2019.4.01.3300;1116 - Execução Fiscal;18ª VARA SALVADOR;PAULO ROBERTO LYRIO PIMENTA;06/02/2019;2 - DISTRIBUICAO AUTOMATICA - 07/02/2019;;6046 - Conselhos Regionais e Afins Anuidade;;;;;;23
9461;2498-34.2019.4.01.3300;-;1116;EXECUÇÃO FISCAL;https://processual.trf1.jus.br/consultaProcessual/processo.php?proc=24983420194013300&secao=BA&nome=CONSELHO REGIONAL DE REPRESENTANTES COMERCIAIS DA BAHIA CORE BA&mostrarBaixados=S;0002498-34.2019.4.01.3300;1116 - Execução Fiscal;19ª VARA SALVADOR;DIRLEY DA CUNHA JÚNIOR;06/02/2019;2 - DISTRIBUICAO AUTOMATICA - 07/02/2019;;6046 - Conselhos Regionais e Afins Anuidade;;E2.1.11 - VENC 1924 PRAZO;;;;26
9462;2499-19.2019.4.01.3300;-;1116;EXECUÇÃO FISCAL;https://processual.trf1.jus.br/consultaProcessual/processo.php?proc=24991920194013300&secao=BA&nome=CONSELHO REGIONAL DE REPRESENTANTES COMERCIAIS DA BAHIA CORE BA&mostrarBaixados=S;0002499-19.2019.4.01.3300;1116 - Execução Fiscal;18ª VARA SALVADOR;PAULO ROBERTO LYRIO PIMENTA;06/02/2019;2 - DISTRIBUICAO AUTOMATICA - 07/02/2019;;6046 - Conselhos Regionais e Afins Anuidade;;;;;;23
9463;2500-04.2019.4.01.3300;-;1116;EXECUÇÃO FISCAL;https://processual.trf1.jus.br/consultaProcessual/processo.php?proc=25000420194013300&secao=BA&nome=CONSELHO REGIONAL DE REPRESENTANTES COMERCIAIS DA BAHIA CORE BA&mostrarBaixados=S;0002500-04.2019.4.01.3300;1116 - Execução Fiscal;20ª VARA SALVADOR;LUIZ SALOMÃO AMARAL VIANA;06/02/2019;2 - DISTRIBUICAO AUTOMATICA - 07/02/2019;;6046 - Conselhos Regionais e Afins Anuidade;;DESCARTE64 - PROCESSOS A SEREM DESCARTADOS;;;;27
9464;2501-86.2019.4.01.3300;-;1116;EXECUÇÃO FISCAL;https://processual.trf1.jus.br/consultaProcessual/processo.php?proc=25018620194013300&secao=BA&nome=CONSELHO REGIONAL DE REPRESENTANTES COMERCIAIS DA BAHIA CORE BA&mostrarBaixados=S;0002501-86.2019.4.01.3300;1116 - Execução Fiscal;8ª VARA SALVADOR;;06/02/2019;2 - DISTRIBUICAO AUTOMATICA - 07/02/2019;;6046 - Conselhos Regionais e Afins Anuidade;;DESCARTE P112 - DESCARTE P112;;;NILZA REIS;19
9465;2502-71.2019.4.01.3300;-;1116;EXECUÇÃO FISCAL;https://processual.trf1.jus.br/consultaProcessual/processo.php?proc=25027120194013300&secao=BA&nome=CONSELHO REGIONAL DE REPRESENTANTES COMERCIAIS DA BAHIA CORE BA&mostrarBaixados=S;0002502-71.2019.4.01.3300;1116 - Execução Fiscal;19ª VARA SALVADOR;DIRLEY DA CUNHA JÚNIOR;06/02/2019;2 - DISTRIBUICAO AUTOMATICA - 07/02/2019;;6046 - Conselhos Regionais e Afins Anuidade;;;;;;25
9466;2503-56.2019.4.01.3300;-;1116;EXECUÇÃO FISCAL;https://processual.trf1.jus.br/consultaProcessual/processo.php?proc=25035620194013300&secao=BA&nome=CONSELHO REGIONAL DE REPRESENTANTES COMERCIAIS DA BAHIA CORE BA&mostrarBaixados=S;0002503-56.2019.4.01.3300;1116 - Execução Fiscal;18ª VARA SALVADOR;PAULO ROBERTO LYRIO PIMENTA;06/02/2019;2 - DISTRIBUICAO AUTOMATICA - 07/02/2019;;6046 - Conselhos Regionais e Afins Anuidade;;;;;;23
9467;2504-41.2019.4.01.3300;-;1116;EXECUÇÃO FISCAL;https://processual.trf1.jus.br/consultaProcessual/processo.php?proc=25044120194013300&secao=BA&nome=CONSELHO REGIONAL DE REPRESENTANTES COMERCIAIS DA BAHIA CORE BA&mostrarBaixados=S;0002504-41.2019.4.01.3300;1116 - Execução Fiscal;20ª VARA SALVADOR;LUIZ SALOMÃO AMARAL VIANA;06/02/2019;2 - DISTRIBUICAO AUTOMATICA - 07/02/2019;;6046 - Conselhos Regionais e Afins Anuidade;;DESCARTE36 - PROCESSOS A SEREM DESCARTADOS;;;;33
9468;2505-26.2019.4.01.3300;-;1116;EXECUÇÃO FISCAL;https://processual.trf1.jus.br/consultaProcessual/processo.php?proc=25052620194013300&secao=BA&nome=CONSELHO REGIONAL DE REPRESENTANTES COMERCIAIS DA BAHIA CORE BA&mostrarBaixados=S;0002505-26.2019.4.01.3300;1116 - Execução Fiscal;19ª VARA SALVADOR;DIRLEY DA CUNHA JÚNIOR;06/02/2019;2 - DISTRIBUICAO AUTOMATICA - 07/02/2019;;6046 - Conselhos Regionais e Afins Anuidade;;;;;;30
9469;2506-11.2019.4.01.3300;-;1116;EXECUÇÃO FISCAL;https://processual.trf1.jus.br/consultaProcessual/processo.php?proc=25061120194013300&secao=BA&nome=CONSELHO REGIONAL DE REPRESENTANTES COMERCIAIS DA BAHIA CORE BA&mostrarBaixados=S;0002506-11.2019.4.01.3300;1116 - Execução Fiscal;8ª VARA SALVADOR;;06/02/2019;2 - DISTRIBUICAO AUTOMATICA - 07/02/2019;;6046 - Conselhos Regionais e Afins Anuidade;LIVRO DE SENTENÇA DO DESCARTE 2025 F44 FLS25;DESCFISCAL2578 - DESC FISCAL25 EST7 LT 8;;;NILZA REIS;18
9470;2513-03.2019.4.01.3300;-;1116;EXECUÇÃO FISCAL;https://processual.trf1.jus.br/consultaProcessual/processo.php?proc=25130320194013300&secao=BA&nome=CONSELHO REGIONAL DE REPRESENTANTES COMERCIAIS DA BAHIA CORE BA&mostrarBaixados=S;0002513-03.2019.4.01.3300;1116 - Execução Fiscal;18ª VARA SALVADOR;PAULO ROBERTO LYRIO PIMENTA;06/02/2019;2 - DISTRIBUICAO AUTOMATICA - 07/02/2019;;6046 - Conselhos Regionais e Afins Anuidade;;;;;;23
9471;2514-85.2019.4.01.3300;-;1116;EXECUÇÃO FISCAL;https://processual.trf1.jus.br/consultaProcessual/processo.php?proc=25148520194013300&secao=BA&nome=CONSELHO REGIONAL DE REPRESENTANTES COMERCIAIS DA BAHIA CORE BA&mostrarBaixados=S;0002514-85.2019.4.01.3300;1116 - Execução Fiscal;24ª VARA SALVADOR;IRAN ESMERALDO LEITE;06/02/2019;2 - DISTRIBUICAO AUTOMATICA - 07/02/2019;;6046 - Conselhos Regionais e Afins Anuidade;LIVRO DE SENTENÇA DO DESCARTE 2025 F45 FLS49;DESCFISCAL25710 - DESC FISCAL25 EST7 LT 10;;;;19
9472;2515-70.2019.4.01.3300;-;1116;EXECUÇÃO FISCAL;https://processual.trf1.jus.br/consultaProcessual/processo.php?proc=25157020194013300&secao=BA&nome=CONSELHO REGIONAL DE REPRESENTANTES COMERCIAIS DA BAHIA CORE BA&mostrarBaixados=S;0002515-70.2019.4.01.3300;1116 - Execução Fiscal;8ª VARA SALVADOR;;06/02/2019;2 - DISTRIBUICAO AUTOMATICA - 07/02/2019;;6046 - Conselhos Regionais e Afins Anuidade;;ADS P14 - ARM CONC DECISÃO SUBST P14;;;NILZA REIS;10
9473;2516-55.2019.4.01.3300;-;1116;EXECUÇÃO FISCAL;https://processual.trf1.jus.br/consultaProcessual/processo.php?proc=25165520194013300&secao=BA&nome=CONSELHO REGIONAL DE REPRESENTANTES COMERCIAIS DA BAHIA CORE BA&mostrarBaixados=S;0002516-55.2019.4.01.3300;1116 - Execução Fiscal;18ª VARA SALVADOR;PAULO ROBERTO LYRIO PIMENTA;06/02/2019;2 - DISTRIBUICAO AUTOMATICA - 07/02/2019;;6046 - Conselhos Regionais e Afins Anuidade;;E12.17 - RETORNO TRF PJE OK;;;;25
9474;2517-40.2019.4.01.3300;-;1116;EXECUÇÃO FISCAL;https://processual.trf1.jus.br/consultaProcessual/processo.php?proc=25174020194013300&secao=BA&nome=CONSELHO REGIONAL DE REPRESENTANTES COMERCIAIS DA BAHIA CORE BA&mostrarBaixados=S;0002517-40.2019.4.01.3300;1116 - Execução Fiscal;20ª VARA SALVADOR;LUIZ SALOMÃO AMARAL VIANA;06/02/2019;2 - DISTRIBUICAO AUTOMATICA - 07/02/2019;;6046 - Conselhos Regionais e Afins Anuidade;;OUTRO JUIZO - OUTRO JUIZO;;;;21
9475;2519-10.2019.4.01.3300;-;1116;EXECUÇÃO FISCAL;https://processual.trf1.jus.br/consultaProcessual/processo.php?proc=25191020194013300&secao=BA&nome=CONSELHO REGIONAL DE REPRESENTANTES COMERCIAIS DA BAHIA CORE BA&mostrarBaixados=S;0002519-10.2019.4.01.3300;1116 - Execução Fiscal;19ª VARA SALVADOR;DIRLEY DA CUNHA JÚNIOR;06/02/2019;2 - DISTRIBUICAO AUTOMATICA - 07/02/2019;;6046 - Conselhos Regionais e Afins Anuidade;;;;;;25
9476;2520-92.2019.4.01.3300;-;1116;EXECUÇÃO FISCAL;https://processual.trf1.jus.br/consultaProcessual/processo.php?proc=25209220194013300&secao=BA&nome=CONSELHO REGIONAL DE REPRESENTANTES COMERCIAIS DA BAHIA CORE BA&mostrarBaixados=S;0002520-92.2019.4.01.3300;1116 - Execução Fiscal;19ª VARA SALVADOR;DIRLEY DA CUNHA JÚNIOR;06/02/2019;2 - DISTRIBUICAO AUTOMATICA - 07/02/2019;;6046 - Conselhos Regionais e Afins Anuidade;;E2.1.11 - VENC 1924 PRAZO;;;;25
9477;2521-77.2019.4.01.3300;-;1116;EXECUÇÃO FISCAL;https://processual.trf1.jus.br/consultaProcessual/processo.php?proc=25217720194013300&secao=BA&nome=CONSELHO REGIONAL DE REPRESENTANTES COMERCIAIS DA BAHIA CORE BA&mostrarBaixados=S;0002521-77.2019.4.01.3300;1116 - Execução Fiscal;20ª VARA SALVADOR;LUIZ SALOMÃO AMARAL VIANA;06/02/2019;2 - DISTRIBUICAO AUTOMATICA - 07/02/2019;;6046 - Conselhos Regionais e Afins Anuidade;;DESCARTE32 - PROCESSOS A SEREM DESCARTADOS;;;;28
9478;2522-62.2019.4.01.3300;-;1116;EXECUÇÃO FISCAL;https://processual.trf1.jus.br/consultaProcessual/processo.php?proc=25226220194013300&secao=BA&nome=CONSELHO REGIONAL DE REPRESENTANTES COMERCIAIS DA BAHIA CORE BA&mostrarBaixados=S;0002522-62.2019.4.01.3300;1116 - Execução Fiscal;18ª VARA SALVADOR;PAULO ROBERTO LYRIO PIMENTA;06/02/2019;2 - DISTRIBUICAO AUTOMATICA - 07/02/2019;;6046 - Conselhos Regionais e Afins Anuidade;;;;;;25
9479;2523-47.2019.4.01.3300;-;1116;EXECUÇÃO FISCAL;https://processual.trf1.jus.br/consultaProcessual/processo.php?proc=25234720194013300&secao=BA&nome=CONSELHO REGIONAL DE REPRESENTANTES COMERCIAIS DA BAHIA CORE BA&mostrarBaixados=S;0002523-47.2019.4.01.3300;1116 - Execução Fiscal;8ª VARA SALVADOR;;06/02/2019;2 - DISTRIBUICAO AUTOMATICA - 07/02/2019;;6046 - Conselhos Regionais e Afins Anuidade;;DESCARTE P107 - DESCARTE P107;;;NILZA REIS;20
9480;2524-32.2019.4.01.3300;-;1116;EXECUÇÃO FISCAL;https://processual.trf1.jus.br/consultaProcessual/processo.php?proc=25243220194013300&secao=BA&nome=CONSELHO REGIONAL DE REPRESENTANTES COMERCIAIS DA BAHIA CORE BA&mostrarBaixados=S;0002524-32.2019.4.01.3300;1116 - Execução Fiscal;8ª VARA SALVADOR;;06/02/2019;2 - DISTRIBUICAO AUTOMATICA - 07/02/2019;;6046 - Conselhos Regionais e Afins Anuidade;;DESCARTE P25 - DESCARTE P25;;;NILZA REIS;17
9481;2525-17.2019.4.01.3300;-;1116;EXECUÇÃO FISCAL;https://processual.trf1.jus.br/consultaProcessual/processo.php?proc=25251720194013300&secao=BA&nome=CONSELHO REGIONAL DE REPRESENTANTES COMERCIAIS DA BAHIA CORE BA&mostrarBaixados=S;0002525-17.2019.4.01.3300;1116 - Execução Fiscal;19ª VARA SALVADOR;DIRLEY DA CUNHA JÚNIOR;06/02/2019;2 - DISTRIBUICAO AUTOMATICA - 07/02/2019;;6046 - Conselhos Regionais e Afins Anuidade;;2020.EST2.P014 - ARQUIVO PROVISORIO;;;;19
9482;2526-02.2019.4.01.3300;-;1116;EXECUÇÃO FISCAL;https://processual.trf1.jus.br/consultaProcessual/processo.php?proc=25260220194013300&secao=BA&nome=CONSELHO REGIONAL DE REPRESENTANTES COMERCIAIS DA BAHIA CORE BA&mostrarBaixados=S;0002526-02.2019.4.01.3300;1116 - Execução Fiscal;19ª VARA SALVADOR;DIRLEY DA CUNHA JÚNIOR;06/02/2019;2 - DISTRIBUICAO AUTOMATICA - 07/02/2019;;6046 - Conselhos Regionais e Afins Anuidade;;;;;;25
9483;2527-84.2019.4.01.3300;-;1116;EXECUÇÃO FISCAL;https://processual.trf1.jus.br/consultaProcessual/processo.php?proc=25278420194013300&secao=BA&nome=CONSELHO REGIONAL DE REPRESENTANTES COMERCIAIS DA BAHIA CORE BA&mostrarBaixados=S;0002527-84.2019.4.01.3300;1116 - Execução Fiscal;8ª VARA SALVADOR;;06/02/2019;2 - DISTRIBUICAO AUTOMATICA - 07/02/2019;;6046 - Conselhos Regionais e Afins Anuidade;LIVRO DE SENTENÇA DO DESCARTE 20252 F97 FL45;DESCFISC253913 - DESC FISCAL25 EST 39 LOT 13;;;NILZA REIS;27
9484;2528-69.2019.4.01.3300;-;1116;EXECUÇÃO FISCAL;https://processual.trf1.jus.br/consultaProcessual/processo.php?proc=25286920194013300&secao=BA&nome=CONSELHO REGIONAL DE REPRESENTANTES COMERCIAIS DA BAHIA CORE BA&mostrarBaixados=S;0002528-69.2019.4.01.3300;1116 - Execução Fiscal;8ª VARA SALVADOR;;06/02/2019;2 - DISTRIBUICAO AUTOMATICA - 07/02/2019;;6046 - Conselhos Regionais e Afins Anuidade;;DESCARTE P20 - DESCARTE P20;;;NILZA REIS;17
9485;2529-54.2019.4.01.3300;-;1116;EXECUÇÃO FISCAL;https://processual.trf1.jus.br/consultaProcessual/processo.php?proc=25295420194013300&secao=BA&nome=CONSELHO REGIONAL DE REPRESENTANTES COMERCIAIS DA BAHIA CORE BA&mostrarBaixados=S;0002529-54.2019.4.01.3300;1116 - Execução Fiscal;24ª VARA SALVADOR;IRAN ESMERALDO LEITE;06/02/2019;2 - DISTRIBUICAO AUTOMATICA - 07/02/2019;;6046 - Conselhos Regionais e Afins Anuidade;LIVRO DE SENTENÇA DO DESCARTE 2026 LIVRO 15 FL16;DESCFISC26210 - DESC FISCAL26 EST 2 LOT 10;;;;31
9486;2530-39.2019.4.01.3300;-;1116;EXECUÇÃO FISCAL;https://processual.trf1.jus.br/consultaProcessual/processo.php?proc=25303920194013300&secao=BA&nome=CONSELHO REGIONAL DE REPRESENTANTES COMERCIAIS DA BAHIA CORE BA&mostrarBaixados=S;0002530-39.2019.4.01.3300;1116 - Execução Fiscal;19ª VARA SALVADOR;DIRLEY DA CUNHA JÚNIOR;06/02/2019;2 - DISTRIBUICAO AUTOMATICA - 07/02/2019;;6046 - Conselhos Regionais e Afins Anuidade;;E2.1.11 - VENC 1924 PRAZO;;;;25
9487;2531-24.2019.4.01.3300;-;1116;EXECUÇÃO FISCAL;https://processual.trf1.jus.br/consultaProcessual/processo.php?proc=25312420194013300&secao=BA&nome=CONSELHO REGIONAL DE REPRESENTANTES COMERCIAIS DA BAHIA CORE BA&mostrarBaixados=S;0002531-24.2019.4.01.3300;1116 - Execução Fiscal;18ª VARA SALVADOR;PAULO ROBERTO LYRIO PIMENTA;06/02/2019;2 - DISTRIBUICAO AUTOMATICA - 07/02/2019;;6046 - Conselhos Regionais e Afins Anuidade;;;;;;23
9488;2532-09.2019.4.01.3300;-;1116;EXECUÇÃO FISCAL;https://processual.trf1.jus.br/consultaProcessual/processo.php?proc=25320920194013300&secao=BA&nome=CONSELHO REGIONAL DE REPRESENTANTES COMERCIAIS DA BAHIA CORE BA&mostrarBaixados=S;0002532-09.2019.4.01.3300;1116 - Execução Fiscal;24ª VARA SALVADOR;IRAN ESMERALDO LEITE;06/02/2019;2 - DISTRIBUICAO AUTOMATICA - 07/02/2019;;6046 - Conselhos Regionais e Afins Anuidade;;TRIADO DESCA174 - TRIADO DESCARTE 174;;;;21
9489;18141-32.2019.4.01.3300;-;1116;EXECUÇÃO FISCAL;https://processual.trf1.jus.br/consultaProcessual/processo.php?proc=181413220194013300&secao=BA&nome=CONSELHO REGIONAL DE REPRESENTANTES COMERCIAIS DA BAHIA CORE BA&mostrarBaixados=S;0018141-32.2019.4.01.3300;1116 - Execução Fiscal;19ª VARA SALVADOR;DIRLEY DA CUNHA JÚNIOR;21/05/2019;2 - DISTRIBUICAO AUTOMATICA - 23/05/2019;;6046 - Conselhos Regionais e Afins Anuidade;;;;;;22
